onlyif template_query_v2
statement error
select 'abc' > 10

onlyif template_query_v2
statement error
select 20.0 = 'abc'

onlyif template_query_v2
query T
select 100 > 20
----
true

onlyif template_query_v2
query T
select '1000' > '20'
----
false
