onlyif template_query_v2
statement ok
CREATE TABLE test(a integer);
insert into test values (1), (2), (3), (NULL);

onlyif template_query_v2
query I
select a+a from test
----
2
4
6
NULL

onlyif template_query_v2
query I
select a-a from test
----
0
0
0
NULL

onlyif template_query_v2
query I
select a*a from test
----
1
4
9
NULL

onlyif template_query_v2
query I
select a/a from test
----
1
1
1
NULL


# cast arguments
onlyif template_query_v2
query I
select 100 + 1000.2
----
1100.2
